"","ape","cape","oracle.point.estimate","oracle.standard.error.estimate","oracle.linear.point.estimate","plugin.point.estimate","plugin.standard.error.estimate","plugin.linear.point.estimate","minimax.point.estimate","minimax.standard.error.estimate","minimax.linear.point.estimate","minimax.plus.point.estimate","minimax.plus.standard.error.estimate","minimax.plus.linear.point.estimate"
"init",0.58,0.591612442031573,0.543619417863512,0.0863862650718506,0.490721485601879,0.795341310440018,0.0596331127846804,0.918832481820822,0.661710756947272,0.067363859097234,0.688603736510568,0.692318757377661,0.0669764711911763,0.700359069867059
"",0.58,0.577770343676584,0.681089782289164,0.0663260475149448,0.574998078973973,0.857564075451911,0.0553474889296846,0.962234843493386,0.768310327175063,0.0599019812543077,0.81478206404369,0.667662070944146,0.0641570245936331,0.698851385016234
"",0.58,0.588371992068295,0.408889568928719,0.0734102862060941,0.36883835650904,0.63836395593023,0.0590447656309362,0.799525174203591,0.527282529531336,0.0684179855271382,0.597289541662951,0.44110159430447,0.0703102275650769,0.527776184651566
"",0.58,0.561440621504191,0.719837282963098,0.0812877682605263,0.829367427080712,0.893128800049022,0.0505488199941669,1.07813924044004,0.799142568484294,0.0613026650037007,0.839801310499469,0.777113830012548,0.0629017400972883,0.801162747323559
"",0.58,0.573367828826856,0.604428078346171,0.0568307777800972,0.266300359078539,0.807455588287079,0.0518327398576873,0.841805706987353,0.714946230424296,0.0551775034475137,0.707492096270993,0.679139977969922,0.0585681053420298,0.691892367809939
"",0.58,0.571993449628849,0.524294515365824,0.0907493662423226,0.581652833546386,0.740926869212566,0.0603399191574911,0.951184394519806,0.682297267980276,0.0674280939824555,0.733105931060083,0.612908829646447,0.0697990084960423,0.724633701177187
"",0.58,0.584441914284448,0.494645599457044,0.0866888384420849,0.491014393635159,0.775523592232633,0.0608365363781401,0.876214547587139,0.670595892518022,0.0666391511214704,0.704736109048677,0.63142643536227,0.0653744391998264,0.699302980764504
"",0.58,0.583165361938347,0.468094155938007,0.10361756526253,0.485328216250948,0.746558886955405,0.0594038035432277,0.794715376699857,0.660713678575986,0.0667401201714915,0.71087589344769,0.625485746344375,0.0714122403879694,0.634363262092307
"",0.58,0.594335416502324,0.54552227994769,0.0695250029231976,0.323609977142932,0.719709919704537,0.0639986757520783,0.888528459435064,0.617297093269417,0.0690557330304847,0.643135713201543,0.561811915369448,0.0687206750137316,0.621577903182187
"",0.58,0.572477552357636,0.735905807275803,0.0661593377037405,0.366355023989684,0.887956787555207,0.0671966281478362,1.01566882200467,0.832125911214973,0.0753502229159003,0.894739058498489,0.725425863765502,0.0743775806777256,0.741808746371811
"",0.58,0.568523380623454,0.592024220088822,0.0641786732618309,0.571795156703609,0.804761006022131,0.0590688157322736,0.927042781236571,0.684873780701667,0.0585608123826842,0.715219031061334,0.666796679504664,0.0614741121046477,0.695266590374043
"",0.58,0.585853424490276,0.634152412234797,0.0826545406785288,0.791214385543529,0.860921472486196,0.0651576623472318,0.932557695538911,0.758435979127629,0.0650665728169744,0.796870983285952,0.709711051881057,0.068444234580593,0.771396852844178
"",0.58,0.575216881743917,0.575197531602066,0.0723888959443485,0.468357706105238,0.776922199373521,0.055138692896359,0.941768197302847,0.694969289545038,0.0629987757550616,0.736331514282141,0.646825549515377,0.0672772967265167,0.658317245740348
"",0.58,0.577082072184241,0.496777352138137,0.0850677359006693,0.409848216812315,0.735767749151281,0.0586797521711377,0.779365076883245,0.663993982168442,0.0617105693537614,0.675776783994491,0.600432919204807,0.0679770518944979,0.596009781315591
"",0.58,0.559015743906922,0.428060372981494,0.0887176583104541,0.336215831181816,0.712983601521953,0.0674486439125899,0.746084150317446,0.63659208505941,0.0735330451504842,0.645101814030985,0.573721908663315,0.0753471888286538,0.581205702241068
"",0.58,0.572936144882293,0.62619714083296,0.0745983691719003,0.69375431459231,0.917941847334121,0.0618954446592742,1.21961621283461,0.76115080107143,0.0702606395192382,0.802470922230749,0.746988560282655,0.0753680785393614,0.84591452791469
"",0.58,0.573377986274241,0.617496803956834,0.0802146513648061,1.00816749947081,0.805948190603634,0.0574747149019361,1.06967431076858,0.722196315583415,0.0605230536105442,0.773387005370287,0.701876498613933,0.0607249682218185,0.74848622260198
"",0.58,0.554986836725363,0.460555547149582,0.0829213628477378,0.36280868974047,0.758717277677053,0.0661588475638765,0.84780278719176,0.620035158970745,0.0706601034939088,0.674504124185514,0.626253333387922,0.0689844521901068,0.670452538973075
"",0.58,0.562792136782778,0.676187959014634,0.0844479690659655,1.05609425861229,0.91505163853487,0.0599303059649689,1.02246495399997,0.823179006268815,0.0618721939990191,0.873704763015984,0.79227197534966,0.0622385737315152,0.854437960403548
"",0.58,0.590339347882597,0.606434612765612,0.0769384976683022,0.349492505926581,0.834534231111577,0.0602225180512194,0.957917350405937,0.711789102961293,0.067910646899924,0.721715063023241,0.687962903110269,0.0736682889752123,0.735903117085349
"",0.58,0.572166588555119,0.648807990860411,0.0632342288885819,0.348099980280537,0.835525679888475,0.0609972712162003,0.894320029355283,0.73210742194553,0.0624908833818198,0.751853987053776,0.67709421816437,0.0647964837469817,0.66016817349774
"",0.58,0.562354747533104,0.470519509980269,0.0897208299717193,0.756475383096374,0.749067986178188,0.054405200238953,0.946170584878526,0.651355452266914,0.0637235436116822,0.705809265460861,0.632183202923011,0.0652435558217202,0.70734848488069
"",0.58,0.559147664171672,0.406084124850376,0.112007016352162,0.747943606767765,0.729138008509206,0.06356221440261,0.927236212155568,0.6010756577614,0.0703544851084092,0.66300413662379,0.580358071069577,0.0693866913990805,0.626751916144146
"",0.58,0.588988784056091,0.506799855243636,0.0783519064532312,0.810359540946565,0.695850220297651,0.0598267518597214,0.863431188075677,0.636687638399516,0.0595374949510865,0.686938208431556,0.613406703127418,0.0652263503587631,0.681959081338854
"",0.58,0.581758702666712,0.504616923679617,0.0661078181393614,0.260258285521944,0.74660807616355,0.0591862801845925,0.84949425714775,0.652533728095445,0.0650658672821561,0.673704839198872,0.592188891472772,0.0680344461865917,0.5804710258342
"",0.58,0.579769032862246,0.678463561128693,0.0662734425983875,0.700060734552573,0.862161074071255,0.0683345846174633,1.17480290191874,0.75505151778219,0.0730261727134243,0.836637211627482,0.69153054291051,0.0743235787568332,0.77815653828019
"",0.58,0.589681134485142,0.649857211188485,0.0694829044761677,0.397451835506143,0.823893377885287,0.0635666519303315,0.876555202504251,0.720943794269527,0.0661642976610682,0.732589091996311,0.718894414906175,0.0659939046089714,0.758681142563586
"",0.58,0.584914767201477,0.520040227085805,0.0772021359350735,0.553809441209744,0.778184794703043,0.0539169020488709,0.935429673211379,0.646550604785082,0.0616295874861265,0.653220045099175,0.647710951942461,0.0630377891851275,0.704466769347942
"",0.58,0.593830346939692,0.436604973757007,0.0621694177402471,0.553057345413986,0.623514165744685,0.0524094213329321,0.891004063332877,0.559860332426697,0.0560022470825454,0.595848566829528,0.537823163812565,0.0592768888744887,0.574630429861858
"",0.58,0.593049240267782,0.594190876444616,0.0864156098387589,0.566619017538104,0.833699067209458,0.062826648261629,0.865400248296262,0.775611016857035,0.0628400694696567,0.786246518577066,0.789280952641166,0.0650549078591362,0.80229845995909
"",0.58,0.57513287701568,0.59223127415045,0.079054533183199,0.61049097407492,0.838133765752041,0.0628857976762991,1.05886622332011,0.706299326703668,0.0706984120894521,0.763494354359869,0.661549635833107,0.0730120881717332,0.728257312544805
"",0.58,0.574177477329603,0.605887495979601,0.0676059282000808,0.861475118697596,0.814132871763337,0.0535052460715268,1.0053851617635,0.719994013644116,0.0551001767068337,0.76436291954879,0.672754232611954,0.0564960064125018,0.694578233775651
"",0.58,0.560411917727552,0.505312027539596,0.0952047526026327,0.202379737622331,0.76127221738401,0.0733145901749658,0.931428968302826,0.66335850954686,0.0839393353055359,0.679315683678087,0.630064302342919,0.0783719750527526,0.641957610490731
"",0.58,0.543450837576358,0.535104070951517,0.0800487886994695,0.533058356487624,0.769451434099074,0.0595315062671313,0.915175126337517,0.715345666127044,0.0611478698586242,0.745317956063008,0.701291859734346,0.060701792458546,0.725258973085107
"",0.58,0.564100079876585,0.611663601575436,0.0753256842940568,0.620236792703759,0.833806795939002,0.0606342083163504,1.0395479411924,0.729785792268632,0.0677215312070997,0.786479015247637,0.683651838193558,0.0694102373834447,0.753563323752031
"",0.58,0.577553381999034,0.54914642232367,0.0898080720482115,0.110394799274559,0.762391512723884,0.0568273514851769,0.79470225511374,0.668324440236479,0.0677133374502448,0.683896398195015,0.666170909378041,0.0687478956707057,0.667043215322916
"",0.58,0.588731589770627,0.56620677536102,0.0684204784401679,0.364279598473718,0.774163748213067,0.0559954878336589,0.78431512403648,0.674445637028329,0.0609014100823182,0.686329798136508,0.640616756849537,0.0656805466703471,0.685036658338433
"",0.58,0.596734600288706,0.50237831905158,0.0688300887253736,0.359979729829745,0.761097791584777,0.0531692328080438,0.859786079599102,0.650475687477213,0.0591803076606657,0.676124974567327,0.664018396679966,0.0624353783544928,0.71013686998816
"",0.58,0.582500894649672,0.670108767665652,0.068137788890129,0.606895789817454,0.864642032685011,0.0565300420721306,0.960057487201424,0.738903695113546,0.0620447063686893,0.754965829076427,0.644503224282529,0.0660755530199515,0.651103522127562
"",0.58,0.589297817622603,0.623699662356131,0.0731251416776922,0.663775714464238,0.859800143113215,0.0688162787122763,1.00482297844829,0.720353655146187,0.0673840790241789,0.738206452519979,0.67580925428559,0.0656285723396826,0.716326409946563
"",0.58,0.552361082862149,0.552285823930952,0.0893924052760661,0.627844062660755,0.823895090049867,0.0601530319936342,1.01351138474598,0.686406560537424,0.0676514814556288,0.757279404471312,0.645220210418417,0.071281080633075,0.697179335723062
"",0.58,0.582404763904986,0.705033965441805,0.0709695142871847,0.700985965788735,0.953338862742222,0.0615961467076022,1.1218651296464,0.798991179865608,0.0658748803684138,0.840064401018818,0.779040284667706,0.0658992412301285,0.7937966155817
"",0.58,0.575697849637287,0.552186972020411,0.0633873221635664,0.229226508835453,0.757455246211353,0.0541088180581078,0.798704681965299,0.666148738542937,0.060142487848855,0.676530695323112,0.659568209757849,0.0634109134523784,0.663874849051618
"",0.58,0.58375450519275,0.563809768953001,0.0727884862828119,0.267681187431274,0.850267566132789,0.0643364909089591,0.96165658382946,0.736145592180284,0.0677407566776644,0.788516463906129,0.697552528088105,0.0684865880957191,0.789460479651455
"",0.58,0.609094583763882,0.554704422522847,0.0745569615877672,0.934787796518453,0.737053652392681,0.0530023816230511,0.934612537403205,0.643221048244577,0.0574802871849004,0.677699080880497,0.6696926775966,0.057925086981187,0.721177627377694
"",0.58,0.580025726262587,0.547250885541167,0.0744134304947462,0.349656515091188,0.751589279015376,0.0630282622233009,0.909544402939278,0.650958791689649,0.0643831233632564,0.667650118886873,0.602905965877873,0.0720424548999338,0.633158014180389
"",0.58,0.594132386371866,0.620269595420777,0.0634927511269242,0.457680414848654,0.808658030643222,0.0516241998962981,0.900482655640754,0.6827653125645,0.0621531962401617,0.694120540586698,0.674157193846465,0.0704928905248721,0.709997340575136
"",0.58,0.583970917547904,0.593849433034521,0.0769612294269949,0.713281790973749,0.836488162395379,0.0655762782612479,1.07216994502621,0.740106454278879,0.0658405961865832,0.793640273171141,0.71149142775671,0.0646244147128461,0.796001760400067
"",0.58,0.571998759907889,0.657695307619015,0.0645267351505951,0.53501233162349,0.849964103680009,0.0587962681237218,0.986082364857409,0.714705812047914,0.0633712250017989,0.757303530024221,0.739436718404592,0.0656489300763975,0.833762644843616
"",0.58,0.582776019622686,0.635068472977543,0.0732173234770277,0.446676425792765,0.865504822399206,0.0695279336876455,1.0344380070797,0.741479110309746,0.0723666965998229,0.789323387651794,0.708690258774946,0.0744133014993333,0.75406317282572
"",0.58,0.573332754216969,0.466374083105992,0.086744199200803,0.661719908362388,0.68408251535263,0.0500771671690231,1.00558028238329,0.578717450584595,0.062416136968143,0.656256146773429,0.547647526001202,0.0671033418026812,0.625992309646818
"",0.58,0.590388649055557,0.496150297106211,0.0945398383311122,0.468508023304713,0.80015516036366,0.0570244020950004,0.77782239944644,0.757196365156274,0.0598547863133128,0.770212252514565,0.718360701306516,0.0597708550377039,0.744277491299921
"",0.58,0.566444932061191,0.644543237667402,0.0638244986475722,0.640685834297774,0.794315466231098,0.0541604416104442,0.995967298063863,0.708248897534375,0.058956628764657,0.759621144150709,0.657691066509553,0.0614918673143611,0.677586180395246
"",0.58,0.576450629254257,0.581420418818709,0.0762044082221611,0.422394146290649,0.836016914956303,0.0583453597696471,0.906805418416512,0.687696314282383,0.0705573829606689,0.686513956768617,0.705162230104147,0.0732046082150881,0.723934776786299
"",0.58,0.565181109311437,0.552643400738728,0.083566326310387,0.871113339977542,0.806153251456382,0.0593135683913298,1.02821427513156,0.659296097272231,0.0724298282166605,0.711281684353976,0.639633204759007,0.0724066491402401,0.705724255080307
"",0.58,0.585018366568031,0.531616840451815,0.0868483318429779,0.757479844933284,0.769979880635777,0.0594198534204793,1.00633048042198,0.687905311313783,0.0626171986264913,0.764088129679416,0.609847905834836,0.0594771599222098,0.654640913596151
"",0.58,0.580898572486694,0.724802493533583,0.0632469600241738,0.877888795551756,0.905296766471732,0.0562616431956531,1.02592822934541,0.828547997100202,0.0566378712215734,0.864758364083651,0.751489754739659,0.0643901787246402,0.799780710443925
"",0.58,0.586246701016584,0.669471144808507,0.0566907950332402,0.518674600661125,0.842136050336377,0.0551105765133296,1.05767079850985,0.713597073535005,0.0611808908753191,0.769825579646078,0.661094197642687,0.0657576036190702,0.738650130416413
"",0.58,0.577040594056906,0.653444610219905,0.0634694552997378,0.859201383248644,0.840270534660058,0.0533189645584405,0.943859874533191,0.744601310211669,0.0568949446246812,0.758421267333635,0.736897195220557,0.0635142498878849,0.75282299396837
"",0.58,0.587459063583889,0.605323382872008,0.0672049344453316,0.521004502439346,0.782683349648403,0.0628632440122662,0.966587497119444,0.697372301945114,0.0644151008047124,0.746858059289907,0.708198249270161,0.0642867561954402,0.727274821903336
"",0.58,0.589997209983407,0.492478452526428,0.0951331482225976,0.57095585054666,0.758510685620573,0.0619205841703134,0.788723722528834,0.656982698473124,0.0653047492735482,0.685362874161022,0.67864057030536,0.0638570629142771,0.749748029158708
"",0.58,0.557168822823186,0.641408393656738,0.0698966532016414,0.570128280489676,0.796054267010367,0.0583078421552458,1.00387451564863,0.743042303094066,0.0637316770072139,0.794720990138286,0.667570700401202,0.0697436851336594,0.678852121668918
"",0.58,0.57937011343977,0.61178656352318,0.0618394670046065,0.468165636368332,0.776184221116661,0.0605237130679164,0.91957021380598,0.662471863759458,0.0645486286833074,0.714329134293315,0.680759862219132,0.0597519163151105,0.708150384669197
"",0.58,0.569374142478109,0.587752092041594,0.0659679176861912,0.342635479072649,0.790701179813716,0.055425386690949,0.888551382111572,0.69425866331249,0.0609664415779827,0.719039675678919,0.682997719945941,0.0588740803430479,0.712956065007984
"",0.58,0.5567844591979,0.539464166440858,0.0730937942051603,0.647417756732524,0.820974068842552,0.0591058980389254,1.01357662574464,0.720190494160431,0.0603329476160341,0.770541183321783,0.644761301614347,0.0642116766172942,0.656354982508761
"",0.58,0.580465242475519,0.611459913101276,0.0687731982157416,0.608743513586472,0.843926543339321,0.059345692229853,0.980006433467011,0.734511940267795,0.0608715366443902,0.773784534634253,0.705261693686802,0.0627445977212702,0.74358355478841
"",0.58,0.598227878423903,0.70787353432093,0.0640263232028462,0.470969132822781,0.897899663343489,0.0540795407311866,1.01698338293853,0.80946021450316,0.0612229823800873,0.851333235621215,0.78231692549041,0.0626470220155307,0.807065453994814
"",0.58,0.558164961242015,0.556684117520645,0.0724478178253072,0.465077881185171,0.798428788314745,0.055899750352851,0.987082792884902,0.692001916314518,0.0638492885953957,0.675798296350993,0.629855997920551,0.0679801114645556,0.62805543682604
"",0.58,0.569366598494022,0.603183584295923,0.121290249347824,0.616634943245467,0.79690640492562,0.0738690109596588,0.981953743282775,0.770959103347839,0.0690195824490833,0.844209100859911,0.682188753895607,0.067201924906383,0.787984312224785
"",0.58,0.572167216036007,0.706570861408749,0.0652761609539808,0.746307518797038,0.855777372070788,0.0545695400396372,1.02071687101237,0.815918539533614,0.0577889861369332,0.817008352026095,0.782920975786917,0.0606419586035233,0.770927193257582
"",0.58,0.582252912374046,0.440893589853677,0.0885297141568648,0.237492817600918,0.767726204804103,0.0641849144789279,0.900945097925557,0.66195252328288,0.0681333531073691,0.695342153889422,0.580196677242804,0.0719886232495469,0.612116921740513
"",0.58,0.573046399801579,0.61974853870504,0.0681747603779537,0.620437424236102,0.793486996426394,0.0628808046611711,1.05736775026259,0.716304797823215,0.0613147617954527,0.765127374222172,0.641260938760761,0.0639454390842547,0.648214355302647
"",0.58,0.560620088200875,0.557253902071898,0.0838686028343223,0.605201723120923,0.818049696037524,0.0623379766002669,0.961226642441417,0.718577327803501,0.0678144292007496,0.751488593329418,0.684299897540862,0.0737606358001717,0.705009913153515
"",0.58,0.581728655080618,0.4731655270389,0.088927551785282,0.614788875036583,0.791826058377509,0.0575916060732371,0.832819474165372,0.701561094415887,0.0608934418679737,0.729002711500938,0.640163390096872,0.0675366021651294,0.649598916892587
"",0.58,0.588819989297251,0.614317497496302,0.0760114688940502,0.260717325993692,0.872667549895464,0.061786658522461,0.827899525087138,0.766993187458259,0.0652472207364606,0.758700151716135,0.770914236980744,0.0639148302841433,0.772653156283621
"",0.58,0.591003091297775,0.5723141100314,0.0877191275355767,1.1168886027944,0.792191183419931,0.0588888577100328,0.961563072206188,0.713723743598343,0.0604376013307608,0.765264850444636,0.655673469893446,0.0613673985521709,0.712152584588108
"",0.58,0.587074773294666,0.541039788074481,0.0784879824794314,0.409107279199435,0.762686820849444,0.0620335417110337,0.861114066834067,0.690077703691825,0.0621695648983386,0.723348176331325,0.660152883299986,0.0657782103879579,0.673168314150706
"",0.58,0.569578985188225,0.554750941894414,0.0719186082285751,0.706066336574711,0.81444662310793,0.0531907883642677,0.991456975403926,0.69321582500264,0.0601270797940648,0.774802075270105,0.617208076940124,0.0716191810545596,0.692022711313472
"",0.58,0.582602318059476,0.56592758362288,0.0833198630695336,0.404899989408278,0.821404515831306,0.0669382469599505,0.917031757352042,0.730634081445366,0.0709148593067436,0.740739399904943,0.655975349111092,0.0691455152495583,0.696629437243746
"",0.58,0.582706768434743,0.617868536768646,0.0739131818545902,0.723676975506313,0.81224583795607,0.0508073358277782,0.888551854862526,0.754677892178384,0.0554013321381866,0.789927025211668,0.690881821890186,0.0568482378837688,0.7380984410281
"",0.58,0.578719388860257,0.447285496832209,0.100461985120332,0.715123571057836,0.734728488930234,0.0561524838580337,0.95033552740718,0.63924045715852,0.061192383110748,0.713000209221137,0.643305218029525,0.0596283953037017,0.708092323994619
"",0.58,0.570079663390874,0.581697549351872,0.0823345209265893,0.514920212195069,0.796027769254033,0.0587111558524357,1.01330981228636,0.728802180290085,0.0648553560308586,0.748035460119588,0.694420414198518,0.0721428084180954,0.721576594295064
"",0.58,0.58719095150774,0.582280710252828,0.0857989948471776,0.530291291170569,0.810305780227247,0.0601980360189031,0.934484405156283,0.720955107231736,0.0637591496253289,0.745930027964441,0.709618729313095,0.0678171089799918,0.761350118769807
"",0.58,0.597468650814301,0.576402937984914,0.0801255348520617,0.469710787848493,0.819921745645347,0.0611978672324972,0.951464392603614,0.705086237898921,0.064991824449107,0.737130192296107,0.666965171572817,0.0702660058680832,0.714400905490399
"",0.58,0.579068517409924,0.580313177130057,0.0669295826110233,0.449103693263965,0.779097383771771,0.0513330227247874,0.708050337300591,0.720441904556376,0.0548460088422203,0.710354360065042,0.674922751272641,0.0568491990864616,0.686935198955767
"",0.58,0.56674421925991,0.487328341562547,0.0736242161916793,0.252291565808737,0.79190450228334,0.0638240677129699,0.801696849204184,0.653621874341571,0.0658771714690989,0.663776377871441,0.598270163077898,0.0693018826430317,0.618488270666665
"",0.58,0.579142092491642,0.605632119203937,0.0871676103908601,0.660517726871034,0.833443263164795,0.0677795971196726,0.947439022318624,0.700258772422868,0.071790134636068,0.764714042440649,0.658861283154458,0.0705598984486059,0.684585039891742
"",0.58,0.576323774251397,0.586556555437133,0.0810162531871082,0.584279450932334,0.856041699787347,0.0571174851041331,1.01064885632093,0.761614553457364,0.0603403185143479,0.81113983630481,0.728072543240268,0.061916955215902,0.741700398068224
"",0.58,0.580496103916277,0.64987322992305,0.0721134523953364,0.565675662185168,0.881133127635639,0.0562553919113235,0.953068726136574,0.75278287965556,0.061242084487668,0.78100274644619,0.738225392392177,0.0651935951969153,0.729347886268772
"",0.58,0.576379781982361,0.625010063907878,0.071209086355598,0.873610975499202,0.832896763727953,0.0514517410508619,0.950927545205491,0.734712481776757,0.0570809327866366,0.777546566375453,0.709627830594805,0.0598957526847389,0.770159500983631
"",0.58,0.57642083625785,0.440420916383685,0.086478830223945,0.612913226619249,0.73547733266861,0.0619896715452066,0.911444641886753,0.59791552280965,0.0681848413929939,0.638102223348863,0.582621889943585,0.070659075018764,0.642953952019317
"",0.58,0.570720967258632,0.498548673628115,0.0830452685552602,0.681131845741227,0.757632746046999,0.0594657183093407,0.910792663373517,0.618670002437708,0.0677772282788829,0.687378318291826,0.649454026346227,0.0712267351237713,0.701392230450833
"",0.58,0.585366694570017,0.710988745303334,0.0727999203702376,0.687873836082528,0.950052567880021,0.0578525569897484,1.12807253815106,0.810719315191158,0.063930365460192,0.846792459036347,0.804635395092607,0.0595272701571681,0.824996760284871
"",0.58,0.58976691803327,0.614130731284235,0.0945772739528853,0.640869659482712,0.821100785469228,0.0581942391513717,0.950204243754648,0.73180263738343,0.0698196672966516,0.779457005390932,0.667468260489306,0.0698907206424452,0.735840925043813
"",0.58,0.580118225702405,0.619331724694993,0.0674331975553805,0.585410335527858,0.847469064517927,0.0564996956018369,1.08101402691751,0.760864904118118,0.0658391961185507,0.77020816299651,0.695144733913881,0.06903480034607,0.697497017119551
"",0.58,0.557336439710245,0.610838327243308,0.0806322350271866,0.632494135421345,0.854342490130625,0.0570667579484332,1.02142523471999,0.712290290308957,0.0636571690319467,0.782993132811173,0.674664424079688,0.0691408834064286,0.750910769736322
"",0.58,0.581338893123854,0.556629926426495,0.0875943019152144,0.743488564069365,0.764179812263747,0.0639300004897282,0.793092096108648,0.715525392780253,0.0682589026948223,0.743887238063853,0.667884698380034,0.0668444179082304,0.667235587403675
"",0.58,0.568983037359011,0.561736684862331,0.0650330215867551,0.60691822721101,0.747479586685392,0.0558844323139562,0.883726815302807,0.644187486071945,0.0576755133287386,0.695749688353274,0.628974430657819,0.060285884688162,0.697019798522462
"",0.58,0.555749280170061,0.702134018200354,0.0846205502755466,0.927667261932667,0.860253412061834,0.0588434965911128,1.0880257153444,0.78522222391098,0.0667734566319307,0.825580325814598,0.753970258742012,0.0686797250657804,0.780683971321833
"",0.58,0.574254382650744,0.553721698754055,0.0783304595354974,0.379611023766591,0.7730287090051,0.0724012924954336,0.924591673086618,0.685109911387282,0.0705857325884418,0.700932371402098,0.658380557292578,0.0735778074274263,0.669548500035324
"",0.58,0.581403258918852,0.595954356501732,0.0783676057336914,0.554607477332387,0.891152910134314,0.0612063943847077,0.941600676186928,0.725056421211082,0.0678822482865539,0.763522499185818,0.715742415349919,0.0680211911964592,0.737576269380553
"",0.58,0.579463158252764,0.514425073151037,0.0700756875360775,0.491686092144381,0.763123781383748,0.0661928001052951,0.876123225513304,0.660026728053926,0.065078702557758,0.649072811204472,0.612149132302744,0.0704786681431223,0.60608718174516
"",0.58,0.570638420102524,0.658684918999293,0.0774155589883419,0.463604076234077,0.90382042144194,0.0689600817855761,0.93459021077784,0.802395132047543,0.0693033041621539,0.826886804493146,0.68011530390577,0.0718061399380747,0.666744604212444
"",0.58,0.57554249046254,0.496572668452365,0.0740125646408009,0.632430542871321,0.781724682706842,0.0579166686228885,0.928340657046677,0.639073375691737,0.0621207762918491,0.699967593118833,0.599691468916231,0.0639246262346658,0.598441074904244
"",0.58,0.586444691270154,0.645821436518103,0.0626175709480533,0.524534073018754,0.800499428457698,0.0582223921758686,1.09798539169021,0.74491556559916,0.0630627872872432,0.811480774891786,0.69758309284527,0.0681107920125889,0.788459933691069
"",0.58,0.573090538233054,0.526065711199857,0.08456509540858,0.173871013036345,0.771029355055513,0.0700351842637091,0.871538672137116,0.69662712076287,0.0749597600480518,0.711200378696444,0.658003003654379,0.0725174757060064,0.668487564020232
"",0.58,0.569322636601856,0.591048432930794,0.0711975654310378,0.687161191026376,0.824341937405384,0.0621791466264599,1.03454315826766,0.751151214036094,0.0641094052958666,0.796106566012346,0.691557388559099,0.0641508048209904,0.713694018205244
"",0.58,0.574390512087176,0.555261845224608,0.0741679106972646,0.534239120416375,0.764335836217922,0.0663017097946877,0.864894930273066,0.694453883315087,0.0660815792073751,0.725907452106406,0.619480146468246,0.0676110600647035,0.658449458457999
"",0.58,0.565605767408311,0.59255000036134,0.0698372200427152,0.610234598607175,0.832565016630206,0.0601058479188875,0.964392572184232,0.704945024566222,0.0634446342317295,0.724569264002644,0.709086047846024,0.0643739812937344,0.715929351169066
"",0.58,0.568741118241472,0.439556816569776,0.0831459080035346,0.314041080693297,0.734336790135665,0.0686707562062063,0.688689278307023,0.632984787431501,0.0698869425876743,0.635328336453789,0.626990414746877,0.0696201203801832,0.662727889148085
"",0.58,0.599067119442849,0.646709982054477,0.0725929079970859,0.569119693910815,0.846813185587172,0.0587948859529066,1.01207218038613,0.710621355164851,0.0649241130334502,0.714474964110649,0.697774204257644,0.0608913561699933,0.734785235719376
"",0.58,0.572911185871687,0.570662369393937,0.0749373242453217,0.490682659367921,0.804872122016396,0.0541975226419695,0.77912134743326,0.714923414101417,0.0611793723261671,0.735169671215742,0.695861522726424,0.0647375736747882,0.730592331758884
"",0.58,0.584256715483991,0.618418810264429,0.0906800110526184,0.7308529671076,0.889987161556773,0.0577694107114036,0.961207657802379,0.80344108705264,0.0661039463842264,0.813509207651287,0.759470763099102,0.0646933721347686,0.770491941579726
"",0.58,0.593061933256709,0.458201147737149,0.0850713216276539,0.50993224269837,0.811382106281361,0.0570665662545135,0.962421523623524,0.691528342459759,0.0611102051688634,0.705018242494972,0.665963050128347,0.0630530986858653,0.710454658090411
"",0.58,0.568566636440139,0.511062333415958,0.086999735085902,0.570396097869068,0.787481553831989,0.0694769360181181,0.837601551410031,0.667929705105651,0.0651778240236001,0.689273993896114,0.68229378014434,0.0641271699226878,0.731769404301722
"",0.58,0.581184816007474,0.654180014558709,0.065810271843119,0.63489632867791,0.837629376103957,0.0583063653015303,0.945744722376875,0.76417859366048,0.0598861006770553,0.796363562928076,0.705579814378803,0.0676120436108954,0.743054983566393
"",0.58,0.582504551323895,0.52650323936798,0.0722552436830175,0.591183559316304,0.755445740729298,0.057195834864865,0.907170150959603,0.652381607114485,0.0605903045801556,0.665927133443833,0.624191289152479,0.0633763605278684,0.646092230094184
"",0.58,0.56200624910567,0.410108697237321,0.0775084637592681,0.813961243372685,0.638399195341074,0.0534286153721513,0.902961877887198,0.50687916575021,0.0604955781461045,0.54564337981747,0.488838581869079,0.0606855478249985,0.576049561370683
"",0.58,0.587627989870645,0.437697794700734,0.0756555171670209,0.221950866437867,0.624206925370571,0.0589642011212642,0.627581328645118,0.563074225453736,0.0629199934469379,0.60766924699848,0.544375126699611,0.0634006382305768,0.602463403391694
"",0.58,0.583661812016912,0.654389019024745,0.0621705861743398,0.510727439390796,0.829565401648636,0.0552513332840628,0.936655635776856,0.749858506601951,0.0615498163616566,0.740401642388384,0.665862076236285,0.0639350423077244,0.683706843923363
"",0.58,0.584303039544209,0.570986036474955,0.0632740969722276,0.777678659310154,0.782154037990578,0.0534014840624442,0.945548542763025,0.655099210304549,0.0576098011681596,0.717954608953847,0.67542430672394,0.0583040997589175,0.724879807589459
"",0.58,0.574849764535289,0.538466716295566,0.07972189318441,0.604853424865782,0.810893548316554,0.0572376532915194,0.992733783819436,0.716837131910377,0.0638439485590693,0.742419553221938,0.673494419636062,0.0661582077364219,0.745000160742199
"",0.58,0.57556930043419,0.572792843160007,0.0635151638676718,0.550596807713609,0.781300868966302,0.0532037629385027,0.936336781747055,0.647588213565129,0.0576392255656429,0.687562699864147,0.654486354690026,0.0601975061459637,0.701191067734214
"",0.58,0.590063605096725,0.687218262829957,0.0739090901400422,0.554565659155609,0.84178265899278,0.0593218896469265,0.994040620160257,0.755909260276825,0.0677757881533571,0.784772271351796,0.744885948151105,0.0706954567658093,0.802634436507412
"",0.58,0.567177675013212,0.667114883474744,0.0676483923069775,0.581783997998756,0.890194722021336,0.0614575732058568,1.25454225954772,0.745297864514439,0.0689815834829128,0.876743687087269,0.705173979974414,0.0760617044828709,0.826031426682853
"",0.58,0.553723747275212,0.531595505985456,0.11166901560808,0.922963972967032,0.77398618588991,0.0548339090270268,1.06642930139234,0.712779579351343,0.0612427863234679,0.80501796171311,0.675549688136417,0.0619503919053072,0.790959129104354
"",0.58,0.574372253489667,0.556292168362539,0.064884351806655,0.454937410236528,0.752995029480386,0.0568247758459232,0.874905060532815,0.665129458557553,0.0557895003639752,0.690499446499983,0.59162061676024,0.0643803972356905,0.608320641033246
"",0.58,0.570161638385188,0.601840063683178,0.0820669668125472,0.500778068061723,0.84624479003104,0.0648988783263655,0.837857353434319,0.758737426192769,0.0678040913460113,0.783870889291175,0.707960984554206,0.0697409826974895,0.720882439919829
"",0.58,0.576707078905787,0.614623456236427,0.0749702809815061,0.448076721562473,0.821144487011913,0.0561743856834891,0.997082169444402,0.731077751702652,0.0639721832480629,0.795886478084848,0.69498751902539,0.0694200312014241,0.730380296844272
"",0.58,0.574834923973233,0.606917687433298,0.062779244779391,0.263743715958271,0.672221868378386,0.0565679467078726,0.842333544402849,0.666705736304055,0.0636339528105977,0.750911539532568,0.624476852626655,0.0635771112205414,0.701135860373199
"",0.58,0.556332635520674,0.425351406029917,0.0707421125927883,0.349201934330324,0.670051794773599,0.0531770138924925,0.802671958922658,0.595400021072112,0.0584685733709398,0.630118533735313,0.513173942008407,0.0627461851838346,0.518718573860166
"",0.58,0.57619834082766,0.508658541493662,0.0978444736789156,0.562879795248732,0.746917468255171,0.0609422928836,0.841038225512059,0.654223740478456,0.0656363492375271,0.67988853025117,0.672731056013594,0.0627049120818177,0.717516092932154
"",0.58,0.567493843842936,0.617186258154712,0.0689715344227189,0.529664616485571,0.833800513748731,0.054531056723945,0.998545825043859,0.728891680213338,0.056312158092078,0.766917451784301,0.705849638155184,0.0583126217088531,0.747959328339168
"",0.58,0.569222728940609,0.682542092001241,0.0666161340537965,0.581258373840293,0.864221306132618,0.0629356927572511,1.01772820072836,0.763953417549751,0.0689473535117616,0.830825851031491,0.685471213728763,0.0745229762621087,0.689328753582876
"",0.58,0.574239857190736,0.686943083504502,0.0645140484899976,0.677815889733521,0.845101486827401,0.0536460337910286,1.01019162965359,0.818878784703077,0.0533926693675614,0.820856023221493,0.800789214612971,0.0574166169232752,0.808771436794628
"",0.58,0.584212663247162,0.582252536127583,0.0728029502948579,0.290864525918483,0.7648768873657,0.0627688290384629,0.937160936015172,0.720372925010796,0.0722563090044194,0.770208131902733,0.646024272900166,0.0690252633475734,0.711428875326159
"",0.58,0.560483755954551,0.496532621673617,0.0680634564386306,0.648852960279675,0.686224337570557,0.0520093204801974,0.916199425412848,0.605205200049647,0.0550096586331155,0.633025386341264,0.620334005481649,0.0626582870136873,0.634729537872682
"",0.58,0.582539994889794,0.52343212500928,0.0691166858136971,0.481303971159024,0.743030329609237,0.0644892517722469,0.939600635148832,0.60450651211175,0.0669977283178627,0.648807716210394,0.570404118789422,0.0687716700981661,0.595005957467222
"",0.58,0.598464510058521,0.634821963883125,0.0842374779149936,0.700358994802367,0.872685986490139,0.0592789275257908,0.953312799232542,0.778232271021847,0.0612006326354164,0.809824346616616,0.712134182471153,0.0620844266511404,0.712631411347967
"",0.58,0.586788168219251,0.645719867806165,0.0688004418569738,0.848052509883694,0.864210058412521,0.0560595536004032,1.05318755091082,0.779424614123325,0.0576427918752809,0.832969403636872,0.740205809023296,0.0592843232746408,0.76894299837232
"",0.58,0.562583613294802,0.678513493021385,0.0679608408990775,0.521118411443163,0.856689101221113,0.0642059825007267,1.00251929604186,0.747690694604175,0.0634141792227534,0.760528851142171,0.707228767251887,0.0666791067592061,0.738912500769069
"",0.58,0.580720768434559,0.698447596964075,0.0751119813402578,0.262171152883294,0.889080862977009,0.0664769035854179,0.934356575170884,0.781019969633099,0.0757828135665933,0.808289454741133,0.770599255689402,0.0727868683799158,0.760559851989795
"",0.58,0.574694661118769,0.582650420272545,0.0669727025446391,0.520437989656446,0.794099208147046,0.0560826267405286,0.875623001336834,0.683585429316299,0.0622530150010829,0.736694379945078,0.72485226330753,0.0621413508176567,0.762471703019413
"",0.58,0.587526662804109,0.552920652976837,0.0736155115522723,0.341200782757545,0.755144120455824,0.0668743008927224,0.922011272275539,0.659177228814404,0.0685996593581335,0.698621039519171,0.633606645936391,0.0726538907082895,0.694096789489999
"",0.58,0.582119267091333,0.514941867288859,0.0773373391949949,0.434314433840827,0.796322865752784,0.0693945105128747,0.933510226403673,0.637500865960579,0.0740455129665713,0.662326932223982,0.621379481346424,0.0730373093342766,0.6576999597401
"",0.58,0.574100203212421,0.594200227491661,0.0755778506663154,0.868205432563331,0.827979226606953,0.0535995712600262,1.0509750800154,0.696781076491977,0.0573920979932878,0.731056069833073,0.694988963403285,0.0607575953641822,0.758883566227697
"",0.58,0.584843527901584,0.553135768011873,0.0724238159073284,0.430411230178462,0.794892895372843,0.0609285929014966,0.860235985357007,0.64491757577491,0.0621730437525566,0.646432506415875,0.631222468456884,0.0620888785512904,0.66321084444022
"",0.58,0.595398882215463,0.613319443624457,0.0946717968616146,0.607895447676555,0.87016900812703,0.0629303843379977,0.987595012823613,0.77253926429805,0.0663525750921226,0.787404612249377,0.759780775809543,0.0658475203837204,0.81189719339705
"",0.58,0.560461467435732,0.611241727278521,0.0787492864803569,0.948042432810489,0.841680760486676,0.0573155028140298,1.02747887111814,0.725314997623386,0.062370118906565,0.778815656256166,0.63520060412012,0.067474317275595,0.680663747356441
"",0.58,0.587480443771234,0.684366588390882,0.0718410314296349,0.533220470242231,0.885912066664705,0.0552129905820055,0.987361444314067,0.749350925858284,0.0660254637126022,0.772728025861002,0.751033901669699,0.0696829492473079,0.799728582231569
"",0.58,0.575959480548573,0.642027841716238,0.0722875962865852,0.718663413209027,0.812814208599145,0.0536964841724533,1.1042576247993,0.738883879601255,0.0605447022748079,0.807795513383301,0.649842142873273,0.0666309122403031,0.693080771323162
"",0.58,0.576630142161458,0.533933001087605,0.076570237163077,0.765169061496212,0.760537522036407,0.0609579051184351,1.09793344617835,0.651493756912117,0.0612439195876479,0.726640801228932,0.599022451464039,0.0632284693997544,0.695019548888285
"",0.58,0.576155395026891,0.449222359590664,0.0929791810819738,0.624519840889873,0.700907175670991,0.070492681503071,0.927886609598032,0.59700654539953,0.0717731046348942,0.652295151925971,0.592891268658031,0.0697405819523685,0.685777049599507
"",0.58,0.582781736712607,0.542282196549792,0.0839400015197622,0.592098199876873,0.845401843175266,0.0669240282490893,0.940773497632383,0.672561679440848,0.0713547646073692,0.70650794964822,0.689307676635765,0.0708874824885204,0.733522453266722
"",0.58,0.57238237074483,0.495104401372722,0.0662519356165556,0.392175045125471,0.696903707921694,0.0552301680233755,0.944968634580699,0.620976963721155,0.0596378817965315,0.664955838664834,0.569171265960201,0.0643335387574782,0.599374805849033
"",0.58,0.574169964242718,0.498891831662779,0.0867217808138958,0.478951815616794,0.747206171255145,0.0517278985234679,0.877074066454134,0.635815648520776,0.0649970347576452,0.692691248723887,0.648640166168457,0.0694869421320671,0.693910743983298
"",0.58,0.579623101047232,0.585498640265187,0.0876726091915963,0.918572331901037,0.76606897892511,0.0485894105596996,1.01281257957459,0.715420502879374,0.0582050841776199,0.75733578553066,0.649108738826976,0.0616528589068377,0.716423538975399
"",0.58,0.581399621370793,0.633744390513999,0.0586210569375638,0.401800161942556,0.768669739384569,0.0550468102892657,1.07015282011123,0.697353371252222,0.0609223337496918,0.772963889305792,0.598726320430529,0.076318838852626,0.689879297679048
"",0.58,0.567021931541264,0.543446763802609,0.0702535658567254,0.67255012974255,0.795758370980595,0.0604388137971963,1.0730061561559,0.721569824658253,0.0625275682913543,0.77001775260141,0.656414595773292,0.0642420209184983,0.702566823515531
"",0.58,0.591047127883114,0.569832607439876,0.0798772446836603,0.732624899652826,0.849812096081209,0.0579039490334602,1.07627560039038,0.736088948062391,0.0646568716641812,0.802792443969255,0.679538263699944,0.0689714937568838,0.742186476460088
"",0.58,0.58422230930927,0.532311785859323,0.089248538285858,0.384845467114195,0.825848343902323,0.0642023945162773,0.888746478602491,0.731777712745007,0.0707167861359622,0.773033373190012,0.684847178190963,0.0718450170004829,0.688807693857529
"",0.58,0.561694361439343,0.430149059748206,0.0854024903097808,0.663784898959528,0.708728703932187,0.0562584397456043,0.85925475411237,0.584853175647202,0.060621941915363,0.64201616041822,0.562417697904029,0.0624011141304408,0.5941129137033
"",0.58,0.562511492791563,0.429713066108539,0.0953404754225878,0.708106841449411,0.753844439396606,0.0549542813869562,1.05345618307538,0.639092186654634,0.0650432185993398,0.696391531709059,0.598234192871718,0.0722288912719743,0.656965955598297
"",0.58,0.595829038565662,0.591450073658764,0.0720109264644607,0.659307400225825,0.831103357656955,0.0568384466817112,1.04585775265639,0.69374189299347,0.0656074161565263,0.715255019573113,0.691802953052125,0.065699011037886,0.743670734798903
"",0.58,0.572496335991888,0.513503140439526,0.0731571880634948,0.334621789491042,0.757449050636987,0.0590337076791392,0.870083346528663,0.635417591061703,0.0634629741485966,0.679540891303063,0.542873187200814,0.0730277423328298,0.57909779032395
"",0.58,0.555552300371277,0.363265491308923,0.0942906943467019,0.271890951555342,0.727298712606723,0.0693620752990113,0.703714725610432,0.625749368848529,0.0712279618961387,0.642821585246091,0.582926399124349,0.0731423271855994,0.574867883860732
"",0.58,0.569307806569474,0.620810355664626,0.079812883892033,0.792412843190434,0.877059269765878,0.055937893234293,1.065329967475,0.749940225153846,0.0606134308394422,0.775321000778901,0.70824941498771,0.0639836392889114,0.754643671040301
"",0.58,0.577453188826376,0.5305866549188,0.077653357089063,0.623851036266278,0.80377203547717,0.0644055483855773,0.937375540458846,0.679604842514136,0.0686817326745058,0.749419418456071,0.732948837514741,0.0673001897435495,0.778734333331935
"",0.58,0.570887545525447,0.689256193562194,0.0588980453130918,0.441721653832561,0.854647605383147,0.0557653378185847,0.963272277733929,0.773828136697767,0.0590474345310974,0.810080374702146,0.729652161490817,0.0622916457474707,0.780626863504324
"",0.58,0.584979459773029,0.544679006342902,0.0883267500602053,0.7715982091992,0.860472759637147,0.0493335704051958,0.95939580460022,0.772909279191529,0.0532174675027774,0.759085497984465,0.71441823753525,0.0546041751260106,0.707246238830953
"",0.58,0.548362982818304,0.482771420555373,0.0790034836105374,0.611394647815394,0.781051872780617,0.0589344347354899,1.02311482793961,0.652145476565335,0.0657673502689461,0.711442357012809,0.590559482229749,0.0656730572801001,0.63784485065142
"",0.58,0.567708731674365,0.623770782657425,0.0738312953241112,0.88116606407238,0.832505466662966,0.0493120473146762,1.03483350567585,0.767027308539685,0.060033877177429,0.855116825229659,0.720432410133066,0.062098137038327,0.766091583746462
"",0.58,0.582631428235357,0.612903965075953,0.0672111978395818,0.721698792340546,0.844008386447441,0.0518987255428997,1.08172075317558,0.728005148404242,0.0576677990045055,0.777994816854707,0.727259731901887,0.0609788291131958,0.794864848441165
"",0.58,0.582538043322667,0.659832310775559,0.0716486485469386,0.700774275589701,0.887587713682278,0.057442973887254,1.12037188094003,0.794543591887936,0.0638085997853243,0.849160717334403,0.721735289597496,0.0665969655845493,0.80464187891589
"",0.58,0.588706482892564,0.610193487701879,0.0732247912622681,0.791559281124917,0.821939433103778,0.050908058172539,1.02815920464014,0.709601928626895,0.0557903758118884,0.745337319940243,0.688548061185486,0.0571673400717394,0.768494849020472
"",0.58,0.570880077370632,0.610838926048275,0.0669083390675647,0.549952756168001,0.799020866533114,0.055598778102135,0.957412989058723,0.70172856905444,0.058755876111601,0.729869640899341,0.655334918630907,0.0618554085430205,0.700865869899212
"",0.58,0.582268399341967,0.590461005637742,0.0694846214898222,0.532306972484278,0.753465868614406,0.0576022422597316,0.822480925491374,0.709112063115578,0.0568703645996528,0.737093523745512,0.661425038135655,0.0625296920866195,0.701098308950883
"",0.58,0.592284007238487,0.605152685165947,0.060612156336375,0.479743445958226,0.7931241466298,0.0603871133090322,0.932429146845034,0.709239930234269,0.061005502897296,0.764535439652305,0.710834432673926,0.0627260930228564,0.742479456660093
"",0.58,0.576761161277461,0.439554720004697,0.0775174997866116,0.530909486052703,0.734751776319541,0.049553957566679,0.771169960876636,0.643323747446667,0.0573257248575572,0.666828108606216,0.606662175876859,0.0588846908527557,0.623397671105202
"",0.58,0.568514163708492,0.610520877884627,0.0592083424043035,0.230620215258359,0.796731936895464,0.0555715139599136,0.945110511830185,0.692683869126019,0.060471597903825,0.731028185164179,0.664700955558783,0.0624030415913503,0.736093888610961
"",0.58,0.571841356670501,0.586737913339404,0.0762679553007449,0.441518765466169,0.808369056561442,0.062380512158511,0.981208025950542,0.697253901396589,0.0653630192585423,0.729424859648895,0.659059837272959,0.0690329867834242,0.722346193454917
"",0.58,0.572092188688188,0.718129481638437,0.085773226908224,0.763758632706124,0.888989013965037,0.0612025001674701,1.01640731497442,0.804966083229312,0.074249514949411,0.821561740051046,0.790607423274856,0.0675814509867784,0.848165525478883
"",0.58,0.584295773726397,0.535531416351595,0.0695554742497317,0.306799818592832,0.749408053366736,0.0644050453511001,0.809697874468316,0.68827997888455,0.0669933607067821,0.717236555785617,0.643908624805751,0.0664046290937008,0.64887995071073
"",0.58,0.580917251802898,0.584636336496166,0.0669500000518932,0.560155692590484,0.788905382021409,0.0569832877000623,0.966830500943682,0.702319435608765,0.0590336271196271,0.752121849369606,0.645098769860993,0.0663586028485301,0.687687379192303
"",0.58,0.585298084808031,0.656703151861195,0.0690468494468247,0.869514570889311,0.854279009332401,0.0576683540940933,1.13074301360448,0.749085676301547,0.0639309602896014,0.826746968745781,0.725368298631197,0.0639641932623861,0.848819838396773
"",0.58,0.566680842300833,0.529901816632244,0.074188206066203,0.724182920505869,0.800015907555023,0.065316632735273,1.01012160101051,0.666646903701495,0.0638107746267288,0.749725817090155,0.659825263853741,0.0642007878599825,0.716227768664951
"",0.58,0.568476595367358,0.609471611215309,0.0649136381853174,0.404974184382886,0.801391610088659,0.0640727620153729,1.01270989686412,0.67751141451742,0.0704415347647749,0.721020970179374,0.690511140686699,0.070626025393641,0.761372231706681
"",0.58,0.572390800079084,0.605949530287897,0.0815601144601566,0.802724221455505,0.850355853249608,0.0541543231728072,0.950729462177969,0.722253608854185,0.0614795730459307,0.740418395672669,0.743271662684162,0.0615504259861931,0.780263908425368
"",0.58,0.582682725985573,0.67479310084297,0.0668852920261406,0.489314967841257,0.892292327811902,0.0737074556847043,1.03177079485005,0.744998817011053,0.0749531603828681,0.770675445556449,0.735846090808046,0.0702622446735634,0.753234642615154
"",0.58,0.592983386283099,0.694519137219703,0.0669642430928219,0.587319687388923,0.886047487402449,0.0607967360251039,0.99837600100969,0.773513275496791,0.0625785074813969,0.8369541142948,0.727803839471704,0.0658446996954196,0.747950667180124
"",0.58,0.582976962454559,0.429025236055538,0.101642964433998,0.708442827627104,0.727712635867342,0.0662017107789736,0.942786100345973,0.588919574818995,0.0709979268711383,0.625149957624176,0.550824708932535,0.0664636682177133,0.636116403576452
"",0.58,0.581973448933489,0.536388897766015,0.0639613169253212,0.322187772237344,0.726577336076668,0.055806461298193,0.867351063372604,0.647591261360155,0.0598338593068634,0.680855885470133,0.639465672105853,0.0611531055453174,0.728471143047081
"",0.58,0.584140233578131,0.673610223742557,0.0571413828011221,0.438857069582989,0.824332776378634,0.0572944955856492,0.939277623422238,0.74829862597493,0.0584152289168905,0.773974558612683,0.721839821429246,0.0615168246484628,0.743858010776406
"",0.58,0.592731880063485,0.6463071649624,0.0634036963582639,0.552928228734292,0.878321848813677,0.048675994825449,1.05941201917303,0.747430542289155,0.055613710039609,0.798175084836288,0.744396585314981,0.0615182602083947,0.764712163358042
"",0.58,0.574879822727875,0.65711231242323,0.0792779421636402,0.890191237023877,0.888551253195071,0.0508185232624804,1.1495249733274,0.779764483798586,0.0592043796105512,0.804764604689946,0.751837865171762,0.0650700021943807,0.787638434564109
"",0.58,0.577557014175908,0.643022108076454,0.0767497843760206,0.809673573913822,0.828253981363119,0.0556381283914297,1.01252767219276,0.73596233251658,0.0631890184312733,0.800366949745412,0.692851485434964,0.0668693022584422,0.804482119660981
"",0.58,0.585967030146396,0.545038000412377,0.103721910429434,0.284744496476541,0.806846302192694,0.0663906715958847,0.795811834609207,0.741616413320507,0.0741102703768552,0.770865439879495,0.731529532737569,0.0697307616261668,0.754661059245933
"",0.58,0.578422726892008,0.584948839269667,0.0729656746031762,0.744511675830989,0.808022764367173,0.0537171192087053,0.924276943185215,0.730263534673529,0.0571617327807498,0.766966691189576,0.766672695645204,0.0630949819445129,0.828076091376556
"",0.58,0.572927752646777,0.640783045795266,0.0710621162568765,0.643745430281048,0.844598485424179,0.0552466478206923,1.12734632236441,0.77216411337283,0.0599597756724702,0.848771229768773,0.740104864776388,0.0624917690525198,0.861170215220935
"",0.58,0.570845795136759,0.44469952942646,0.0806900590571131,0.398349950332722,0.705862114257073,0.0569060195817908,0.787545194527699,0.602464822546183,0.0642734978736498,0.627652278312888,0.601488487505727,0.0640684267355247,0.666655659779813
